familia,modo_color,formato,tipo_papel,papel,gramaje,cantidad_rango,caras,precio_pdf_objetivo_sin_iva,fuente_pdf_pagina
Bajadas Fullcolor,fullcolor,A3+,liviano,A3 150g,150g,2 a 25,4/0,700.0,4
Bajadas Fullcolor,fullcolor,A3+,liviano,A3 150g,150g,2 a 25,4/4,1043.0,4
Bajadas Fullcolor,fullcolor,A3+,liviano,A3 115g,115g,2 a 25,4/0,670.0,4
Bajadas Fullcolor,fullcolor,A3+,liviano,A3 115g,115g,2 a 25,4/4,1013.0,4
Bajadas Fullcolor,fullcolor,A3+,liviano,A3 90g,90g,2 a 25,4/0,648.0,4
Bajadas Fullcolor,fullcolor,A3+,liviano,A3 90g,90g,2 a 25,4/4,991.0,4
Bajadas Fullcolor,fullcolor,A3+,liviano,A3 80g,80g,2 a 25,4/0,640.0,4
Bajadas Fullcolor,fullcolor,A3+,liviano,A3 80g,80g,2 a 25,4/4,991.0,4
Bajadas Fullcolor,fullcolor,A3+,liviano,A3 150g,150g,26 a 50,4/0,661.0,4
Bajadas Fullcolor,fullcolor,A3+,liviano,A3 150g,150g,26 a 50,4/4,985.0,4
Bajadas Fullcolor,fullcolor,A3+,liviano,A3 115g,115g,26 a 50,4/0,633.0,4
Bajadas Fullcolor,fullcolor,A3+,liviano,A3 115g,115g,26 a 50,4/4,956.0,4
Bajadas Fullcolor,fullcolor,A3+,liviano,A3 90g,90g,26 a 50,4/0,612.0,4
Bajadas Fullcolor,fullcolor,A3+,liviano,A3 90g,90g,26 a 50,4/4,936.0,4
Bajadas Fullcolor,fullcolor,A3+,liviano,A3 80g,80g,26 a 50,4/0,604.0,4
Bajadas Fullcolor,fullcolor,A3+,liviano,A3 80g,80g,26 a 50,4/4,928.0,4
Bajadas Fullcolor,fullcolor,A3+,liviano,A3 150g,150g,51 a 100,4/0,622.0,4
Bajadas Fullcolor,fullcolor,A3+,liviano,A3 150g,150g,51 a 100,4/4,927.0,4
Bajadas Fullcolor,fullcolor,A3+,liviano,A3 115g,115g,51 a 100,4/0,595.0,4
Bajadas Fullcolor,fullcolor,A3+,liviano,A3 115g,115g,51 a 100,4/4,900.0,4
Bajadas Fullcolor,fullcolor,A3+,liviano,A3 90g,90g,51 a 100,4/0,576.0,4
Bajadas Fullcolor,fullcolor,A3+,liviano,A3 90g,90g,51 a 100,4/4,881.0,4
Bajadas Fullcolor,fullcolor,A3+,liviano,A3 80g,80g,51 a 100,4/0,569.0,4
Bajadas Fullcolor,fullcolor,A3+,liviano,A3 80g,80g,51 a 100,4/4,874.0,4
Bajadas Fullcolor,fullcolor,A3+,liviano,A3 150g,150g,101 a 300,4/0,583.0,4
Bajadas Fullcolor,fullcolor,A3+,liviano,A3 150g,150g,101 a 300,4/4,869.0,4
Bajadas Fullcolor,fullcolor,A3+,liviano,A3 115g,115g,101 a 300,4/0,558.0,4
Bajadas Fullcolor,fullcolor,A3+,liviano,A3 115g,115g,101 a 300,4/4,844.0,4
Bajadas Fullcolor,fullcolor,A3+,liviano,A3 90g,90g,101 a 300,4/0,540.0,4
Bajadas Fullcolor,fullcolor,A3+,liviano,A3 90g,90g,101 a 300,4/4,826.0,4
Bajadas Fullcolor,fullcolor,A3+,liviano,A3 80g,80g,101 a 300,4/0,533.0,4
Bajadas Fullcolor,fullcolor,A3+,liviano,A3 80g,80g,101 a 300,4/4,819.0,4
Bajadas Fullcolor,fullcolor,A3+,liviano,A3 150g,150g,301 a 500,4/0,544.0,4
Bajadas Fullcolor,fullcolor,A3+,liviano,A3 150g,150g,301 a 500,4/4,811.0,4
Bajadas Fullcolor,fullcolor,A3+,liviano,A3 115g,115g,301 a 500,4/0,521.0,4
Bajadas Fullcolor,fullcolor,A3+,liviano,A3 115g,115g,301 a 500,4/4,788.0,4
Bajadas Fullcolor,fullcolor,A3+,liviano,A3 90g,90g,301 a 500,4/0,504.0,4
Bajadas Fullcolor,fullcolor,A3+,liviano,A3 90g,90g,301 a 500,4/4,771.0,4
Bajadas Fullcolor,fullcolor,A3+,liviano,A3 80g,80g,301 a 500,4/0,498.0,4
Bajadas Fullcolor,fullcolor,A3+,liviano,A3 80g,80g,301 a 500,4/4,764.0,4
Bajadas Fullcolor,fullcolor,A3+,liviano,A3 150g,150g,501 a 1000,4/0,505.0,4
Bajadas Fullcolor,fullcolor,A3+,liviano,A3 150g,150g,501 a 1000,4/4,753.0,4
Bajadas Fullcolor,fullcolor,A3+,liviano,A3 115g,115g,501 a 1000,4/0,484.0,4
Bajadas Fullcolor,fullcolor,A3+,liviano,A3 115g,115g,501 a 1000,4/4,731.0,4
Bajadas Fullcolor,fullcolor,A3+,liviano,A3 90g,90g,501 a 1000,4/0,468.0,4
Bajadas Fullcolor,fullcolor,A3+,liviano,A3 90g,90g,501 a 1000,4/4,716.0,4
Bajadas Fullcolor,fullcolor,A3+,liviano,A3 80g,80g,501 a 1000,4/0,462.0,4
Bajadas Fullcolor,fullcolor,A3+,liviano,A3 80g,80g,501 a 1000,4/4,710.0,4
Bajadas Fullcolor,fullcolor,A3+,pesado,Triplex 350g,350g,1,4/0,1065.0,4
Bajadas Fullcolor,fullcolor,A3+,pesado,Triplex 350g,350g,1,4/4,1484.0,4
Bajadas Fullcolor,fullcolor,A3+,pesado,Triplex 300g,300g,1,4/0,1064.0,4
Bajadas Fullcolor,fullcolor,A3+,pesado,Triplex 300g,300g,1,4/4,1483.0,4
Bajadas Fullcolor,fullcolor,A3+,pesado,Triplex 200g,200g,1,4/0,1012.0,4
Bajadas Fullcolor,fullcolor,A3+,pesado,Triplex 200g,200g,1,4/4,1431.0,4
Bajadas Fullcolor,fullcolor,A3+,pesado,PENDIENTE_REVISION_MANUAL,PENDIENTE_REVISION_MANUAL,1,4/0,928.0,4
Bajadas Fullcolor,fullcolor,A3+,pesado,PENDIENTE_REVISION_MANUAL,PENDIENTE_REVISION_MANUAL,1,4/4,1347.0,4
Bajadas Fullcolor,fullcolor,A3+,pesado,Triplex 350g,350g,2 a 25,4/0,871.0,4
Bajadas Fullcolor,fullcolor,A3+,pesado,Triplex 350g,350g,2 a 25,4/4,1214.0,4
Bajadas Fullcolor,fullcolor,A3+,pesado,Triplex 300g,300g,2 a 25,4/0,870.0,4
Bajadas Fullcolor,fullcolor,A3+,pesado,Triplex 300g,300g,2 a 25,4/4,1213.0,4
Bajadas Fullcolor,fullcolor,A3+,pesado,Triplex 200g,200g,2 a 25,4/0,828.0,4
Bajadas Fullcolor,fullcolor,A3+,pesado,Triplex 200g,200g,2 a 25,4/4,1171.0,4
Bajadas Fullcolor,fullcolor,A3+,pesado,PENDIENTE_REVISION_MANUAL,PENDIENTE_REVISION_MANUAL,2 a 25,4/0,759.0,4
Bajadas Fullcolor,fullcolor,A3+,pesado,PENDIENTE_REVISION_MANUAL,PENDIENTE_REVISION_MANUAL,2 a 25,4/4,1102.0,4
Bajadas Fullcolor,fullcolor,A3+,pesado,Triplex 350g,350g,26 a 50,4/0,823.0,4
Bajadas Fullcolor,fullcolor,A3+,pesado,Triplex 350g,350g,26 a 50,4/4,1146.0,4
Bajadas Fullcolor,fullcolor,A3+,pesado,Triplex 300g,300g,26 a 50,4/0,822.0,4
Bajadas Fullcolor,fullcolor,A3+,pesado,Triplex 300g,300g,26 a 50,4/4,1146.0,4
Bajadas Fullcolor,fullcolor,A3+,pesado,Triplex 200g,200g,26 a 50,4/0,782.0,4
Bajadas Fullcolor,fullcolor,A3+,pesado,Triplex 200g,200g,26 a 50,4/4,1106.0,4
Bajadas Fullcolor,fullcolor,A3+,pesado,PENDIENTE_REVISION_MANUAL,PENDIENTE_REVISION_MANUAL,26 a 50,4/0,717.0,4
Bajadas Fullcolor,fullcolor,A3+,pesado,PENDIENTE_REVISION_MANUAL,PENDIENTE_REVISION_MANUAL,26 a 50,4/4,1041.0,4
Bajadas Fullcolor,fullcolor,A3+,pesado,Triplex 350g,350g,51 a 100,4/0,774.0,4
Bajadas Fullcolor,fullcolor,A3+,pesado,Triplex 350g,350g,51 a 100,4/4,1079.0,4
Bajadas Fullcolor,fullcolor,A3+,pesado,Triplex 300g,300g,51 a 100,4/0,774.0,4
Bajadas Fullcolor,fullcolor,A3+,pesado,Triplex 300g,300g,51 a 100,4/4,1078.0,4
Bajadas Fullcolor,fullcolor,A3+,pesado,Triplex 200g,200g,51 a 100,4/0,736.0,4
Bajadas Fullcolor,fullcolor,A3+,pesado,Triplex 200g,200g,51 a 100,4/4,1041.0,4
Bajadas Fullcolor,fullcolor,A3+,pesado,PENDIENTE_REVISION_MANUAL,PENDIENTE_REVISION_MANUAL,51 a 100,4/0,675.0,4
Bajadas Fullcolor,fullcolor,A3+,pesado,PENDIENTE_REVISION_MANUAL,PENDIENTE_REVISION_MANUAL,51 a 100,4/4,980.0,4
Bajadas Fullcolor,fullcolor,A3+,pesado,Triplex 350g,350g,101 a 300,4/0,726.0,4
Bajadas Fullcolor,fullcolor,A3+,pesado,Triplex 350g,350g,101 a 300,4/4,1012.0,4
Bajadas Fullcolor,fullcolor,A3+,pesado,Triplex 300g,300g,101 a 300,4/0,725.0,4
Bajadas Fullcolor,fullcolor,A3+,pesado,Triplex 300g,300g,101 a 300,4/4,1011.0,4
Bajadas Fullcolor,fullcolor,A3+,pesado,Triplex 200g,200g,101 a 300,4/0,690.0,4
Bajadas Fullcolor,fullcolor,A3+,pesado,Triplex 200g,200g,101 a 300,4/4,976.0,4
Bajadas Fullcolor,fullcolor,A3+,pesado,PENDIENTE_REVISION_MANUAL,PENDIENTE_REVISION_MANUAL,101 a 300,4/0,633.0,4
Bajadas Fullcolor,fullcolor,A3+,pesado,PENDIENTE_REVISION_MANUAL,PENDIENTE_REVISION_MANUAL,101 a 300,4/4,919.0,4
Bajadas Fullcolor,fullcolor,A3+,pesado,Triplex 350g,350g,301 a 500,4/0,677.0,4
Bajadas Fullcolor,fullcolor,A3+,pesado,Triplex 350g,350g,301 a 500,4/4,944.0,4
Bajadas Fullcolor,fullcolor,A3+,pesado,Triplex 300g,300g,301 a 500,4/0,677.0,4
Bajadas Fullcolor,fullcolor,A3+,pesado,Triplex 300g,300g,301 a 500,4/4,944.0,4
Bajadas Fullcolor,fullcolor,A3+,pesado,Triplex 200g,200g,301 a 500,4/0,644.0,4
Bajadas Fullcolor,fullcolor,A3+,pesado,Triplex 200g,200g,301 a 500,4/4,910.0,4
Bajadas Fullcolor,fullcolor,A3+,pesado,PENDIENTE_REVISION_MANUAL,PENDIENTE_REVISION_MANUAL,301 a 500,4/0,591.0,4
Bajadas Fullcolor,fullcolor,A3+,pesado,PENDIENTE_REVISION_MANUAL,PENDIENTE_REVISION_MANUAL,301 a 500,4/4,857.0,4
Bajadas Fullcolor,fullcolor,A3+,pesado,Triplex 350g,350g,501 a 1000,4/0,629.0,4
Bajadas Fullcolor,fullcolor,A3+,pesado,Triplex 350g,350g,501 a 1000,4/4,877.0,4
Bajadas Fullcolor,fullcolor,A3+,pesado,Triplex 300g,300g,501 a 1000,4/0,629.0,4
Bajadas Fullcolor,fullcolor,A3+,pesado,Triplex 300g,300g,501 a 1000,4/4,876.0,4
Bajadas Fullcolor,fullcolor,A3+,pesado,Triplex 200g,200g,501 a 1000,4/0,598.0,4
Bajadas Fullcolor,fullcolor,A3+,pesado,Triplex 200g,200g,501 a 1000,4/4,845.0,4
Bajadas Fullcolor,fullcolor,A3+,pesado,PENDIENTE_REVISION_MANUAL,PENDIENTE_REVISION_MANUAL,501 a 1000,4/0,548.0,4
Bajadas Fullcolor,fullcolor,A3+,pesado,PENDIENTE_REVISION_MANUAL,PENDIENTE_REVISION_MANUAL,501 a 1000,4/4,796.0,4
Bajadas Autoadhesivas,fullcolor,A3+,autoadhesivo,Obra/Ilustración,90g,1,4/0,1069.0,4
Bajadas Autoadhesivas,fullcolor,A3+,autoadhesivo,Autoadhesivo OPP blanco,PENDIENTE_REVISION_MANUAL,1,4/0,1797.0,4
Bajadas Autoadhesivas,fullcolor,A3+,autoadhesivo,Papel especial tinta blanca/laca UV,PENDIENTE_REVISION_MANUAL,1,4/0,603.0,4
Bajadas Autoadhesivas,fullcolor,A3+,autoadhesivo,Obra/Ilustración,90g,2 a 25,4/0,875.0,4
Bajadas Autoadhesivas,fullcolor,A3+,autoadhesivo,Autoadhesivo OPP blanco,PENDIENTE_REVISION_MANUAL,2 a 25,4/0,1470.0,4
Bajadas Autoadhesivas,fullcolor,A3+,autoadhesivo,Papel especial tinta blanca/laca UV,PENDIENTE_REVISION_MANUAL,2 a 25,4/0,572.0,4
Bajadas Autoadhesivas,fullcolor,A3+,autoadhesivo,Obra/Ilustración,90g,26 a 50,4/0,826.0,4
Bajadas Autoadhesivas,fullcolor,A3+,autoadhesivo,Autoadhesivo OPP blanco,PENDIENTE_REVISION_MANUAL,26 a 50,4/0,1389.0,4
Bajadas Autoadhesivas,fullcolor,A3+,autoadhesivo,Papel especial tinta blanca/laca UV,PENDIENTE_REVISION_MANUAL,26 a 50,4/0,540.0,4
Bajadas Autoadhesivas,fullcolor,A3+,autoadhesivo,Obra/Ilustración,90g,51 a 100,4/0,778.0,4
Bajadas Autoadhesivas,fullcolor,A3+,autoadhesivo,Autoadhesivo OPP blanco,PENDIENTE_REVISION_MANUAL,51 a 100,4/0,1307.0,4
Bajadas Autoadhesivas,fullcolor,A3+,autoadhesivo,Papel especial tinta blanca/laca UV,PENDIENTE_REVISION_MANUAL,51 a 100,4/0,508.0,4
Bajadas Autoadhesivas,fullcolor,A3+,autoadhesivo,Obra/Ilustración,90g,101 a 300,4/0,729.0,4
Bajadas Autoadhesivas,fullcolor,A3+,autoadhesivo,Autoadhesivo OPP blanco,PENDIENTE_REVISION_MANUAL,101 a 300,4/0,1225.0,4
Bajadas Autoadhesivas,fullcolor,A3+,autoadhesivo,Papel especial tinta blanca/laca UV,PENDIENTE_REVISION_MANUAL,101 a 300,4/0,476.0,4
Bajadas Autoadhesivas,fullcolor,A3+,autoadhesivo,Obra/Ilustración,90g,301 a 500,4/0,680.0,4
Bajadas Autoadhesivas,fullcolor,A3+,autoadhesivo,Autoadhesivo OPP blanco,PENDIENTE_REVISION_MANUAL,301 a 500,4/0,1144.0,4
Bajadas Autoadhesivas,fullcolor,A3+,autoadhesivo,Papel especial tinta blanca/laca UV,PENDIENTE_REVISION_MANUAL,301 a 500,4/0,445.0,4
Bajadas Autoadhesivas,fullcolor,A3+,autoadhesivo,Obra/Ilustración,90g,501 a 1000,4/0,632.0,4
Bajadas Autoadhesivas,fullcolor,A3+,autoadhesivo,Autoadhesivo OPP blanco,PENDIENTE_REVISION_MANUAL,501 a 1000,4/0,1062.0,4
Bajadas Autoadhesivas,fullcolor,A3+,autoadhesivo,Papel especial tinta blanca/laca UV,PENDIENTE_REVISION_MANUAL,501 a 1000,4/0,413.0,4
Terminaciones Bajadas,fullcolor,A3+,auxiliar,Plastificado Pouch A4,N/A,0 - 10,N/A,1.0,4
Terminaciones Bajadas,fullcolor,A3+,auxiliar,Plastificado Pouch Oficio,N/A,0 - 10,N/A,1091.0,4
Terminaciones Bajadas,fullcolor,A3+,auxiliar,Plastificado Pouch A3,N/A,0 - 10,N/A,1559.0,4
Terminaciones Bajadas,fullcolor,A3+,auxiliar,Plastificado Pouch A4,N/A,2 a 10,N/A,1006.0,4
Terminaciones Bajadas,fullcolor,A3+,auxiliar,Plastificado Pouch Oficio,N/A,2 a 10,N/A,1429.0,4
Terminaciones Bajadas,fullcolor,A3+,auxiliar,Plastificado Pouch A3,N/A,2 a 10,N/A,1886.0,4
Terminaciones Bajadas,fullcolor,A3+,auxiliar,Plastificado Pouch A4,N/A,11 a 50,N/A,935.0,4
Terminaciones Bajadas,fullcolor,A3+,auxiliar,Plastificado Pouch Oficio,N/A,11 a 50,N/A,1299.0,4
Terminaciones Bajadas,fullcolor,A3+,auxiliar,Plastificado Pouch A3,N/A,11 a 50,N/A,1754.0,4
Bajadas Fullcolor,fullcolor,XL,liviano,A3 150g,150g,2 a 25,4/0,1372.0,5
Bajadas Fullcolor,fullcolor,XL,liviano,A3 150g,150g,2 a 25,4/4,2057.0,5
Bajadas Fullcolor,fullcolor,XL,liviano,A3 115g,115g,2 a 25,4/0,1318.0,5
Bajadas Fullcolor,fullcolor,XL,liviano,A3 115g,115g,2 a 25,4/4,2004.0,5
Bajadas Fullcolor,fullcolor,XL,liviano,A3 90g,90g,2 a 25,4/0,1280.0,5
Bajadas Fullcolor,fullcolor,XL,liviano,A3 90g,90g,2 a 25,4/4,1966.0,5
Bajadas Fullcolor,fullcolor,XL,liviano,A3 80g,80g,2 a 25,4/0,1265.0,5
Bajadas Fullcolor,fullcolor,XL,liviano,A3 80g,80g,2 a 25,4/4,1951.0,5
Bajadas Fullcolor,fullcolor,XL,liviano,A3 150g,150g,26 a 50,4/0,1295.0,5
Bajadas Fullcolor,fullcolor,XL,liviano,A3 150g,150g,26 a 50,4/4,1943.0,5
Bajadas Fullcolor,fullcolor,XL,liviano,A3 115g,115g,26 a 50,4/0,1245.0,5
Bajadas Fullcolor,fullcolor,XL,liviano,A3 115g,115g,26 a 50,4/4,1893.0,5
Bajadas Fullcolor,fullcolor,XL,liviano,A3 90g,90g,26 a 50,4/0,1209.0,5
Bajadas Fullcolor,fullcolor,XL,liviano,A3 90g,90g,26 a 50,4/4,1857.0,5
Bajadas Fullcolor,fullcolor,XL,liviano,A3 80g,80g,26 a 50,4/0,1195.0,5
Bajadas Fullcolor,fullcolor,XL,liviano,A3 80g,80g,26 a 50,4/4,1842.0,5
Bajadas Fullcolor,fullcolor,XL,liviano,A3 150g,150g,51 a 100,4/0,1219.0,5
Bajadas Fullcolor,fullcolor,XL,liviano,A3 150g,150g,51 a 100,4/4,1829.0,5
Bajadas Fullcolor,fullcolor,XL,liviano,A3 115g,115g,51 a 100,4/0,1172.0,5
Bajadas Fullcolor,fullcolor,XL,liviano,A3 115g,115g,51 a 100,4/4,1781.0,5
Bajadas Fullcolor,fullcolor,XL,liviano,A3 90g,90g,51 a 100,4/0,1138.0,5
Bajadas Fullcolor,fullcolor,XL,liviano,A3 90g,90g,51 a 100,4/4,1747.0,5
Bajadas Fullcolor,fullcolor,XL,liviano,A3 80g,80g,51 a 100,4/0,1124.0,5
Bajadas Fullcolor,fullcolor,XL,liviano,A3 80g,80g,51 a 100,4/4,1734.0,5
Bajadas Fullcolor,fullcolor,XL,liviano,A3 150g,150g,101 a 300,4/0,1143.0,5
Bajadas Fullcolor,fullcolor,XL,liviano,A3 150g,150g,101 a 300,4/4,1714.0,5
Bajadas Fullcolor,fullcolor,XL,liviano,A3 115g,115g,101 a 300,4/0,1099.0,5
Bajadas Fullcolor,fullcolor,XL,liviano,A3 115g,115g,101 a 300,4/4,1670.0,5
Bajadas Fullcolor,fullcolor,XL,liviano,A3 90g,90g,101 a 300,4/0,1067.0,5
Bajadas Fullcolor,fullcolor,XL,liviano,A3 90g,90g,101 a 300,4/4,1638.0,5
Bajadas Fullcolor,fullcolor,XL,liviano,A3 80g,80g,101 a 300,4/0,1054.0,5
Bajadas Fullcolor,fullcolor,XL,liviano,A3 80g,80g,101 a 300,4/4,1626.0,5
Bajadas Fullcolor,fullcolor,XL,liviano,A3 150g,150g,301 a 500,4/0,1067.0,5
Bajadas Fullcolor,fullcolor,XL,liviano,A3 150g,150g,301 a 500,4/4,1600.0,5
Bajadas Fullcolor,fullcolor,XL,liviano,A3 115g,115g,301 a 500,4/0,1025.0,5
Bajadas Fullcolor,fullcolor,XL,liviano,A3 115g,115g,301 a 500,4/4,1559.0,5
Bajadas Fullcolor,fullcolor,XL,liviano,A3 90g,90g,301 a 500,4/0,996.0,5
Bajadas Fullcolor,fullcolor,XL,liviano,A3 90g,90g,301 a 500,4/4,1529.0,5
Bajadas Fullcolor,fullcolor,XL,liviano,A3 80g,80g,301 a 500,4/0,984.0,5
Bajadas Fullcolor,fullcolor,XL,liviano,A3 80g,80g,301 a 500,4/4,1517.0,5
Bajadas Fullcolor,fullcolor,XL,liviano,A3 150g,150g,501 a 1000,4/0,991.0,5
Bajadas Fullcolor,fullcolor,XL,liviano,A3 150g,150g,501 a 1000,4/4,1486.0,5
Bajadas Fullcolor,fullcolor,XL,liviano,A3 115g,115g,501 a 1000,4/0,952.0,5
Bajadas Fullcolor,fullcolor,XL,liviano,A3 115g,115g,501 a 1000,4/4,1447.0,5
Bajadas Fullcolor,fullcolor,XL,liviano,A3 90g,90g,501 a 1000,4/0,925.0,5
Bajadas Fullcolor,fullcolor,XL,liviano,A3 90g,90g,501 a 1000,4/4,1420.0,5
Bajadas Fullcolor,fullcolor,XL,liviano,A3 80g,80g,501 a 1000,4/0,914.0,5
Bajadas Fullcolor,fullcolor,XL,liviano,A3 80g,80g,501 a 1000,4/4,1409.0,5
Bajadas Fullcolor,fullcolor,XL,pesado,Triplex 350g,350g,1,4/0,1946.0,5
Bajadas Fullcolor,fullcolor,XL,pesado,Triplex 350g,350g,1,4/4,2784.0,5
Bajadas Fullcolor,fullcolor,XL,pesado,Triplex 300g,300g,1,4/0,2049.0,5
Bajadas Fullcolor,fullcolor,XL,pesado,Triplex 300g,300g,1,4/4,2887.0,5
Bajadas Fullcolor,fullcolor,XL,pesado,Triplex 200g,200g,1,4/0,1956.0,5
Bajadas Fullcolor,fullcolor,XL,pesado,Triplex 200g,200g,1,4/4,2794.0,5
Bajadas Fullcolor,fullcolor,XL,pesado,PENDIENTE_REVISION_MANUAL,PENDIENTE_REVISION_MANUAL,1,4/0,1807.0,5
Bajadas Fullcolor,fullcolor,XL,pesado,PENDIENTE_REVISION_MANUAL,PENDIENTE_REVISION_MANUAL,1,4/4,2645.0,5
Bajadas Fullcolor,fullcolor,XL,pesado,Triplex 350g,350g,2 a 25,4/0,1592.0,5
Bajadas Fullcolor,fullcolor,XL,pesado,Triplex 350g,350g,2 a 25,4/4,2278.0,5
Bajadas Fullcolor,fullcolor,XL,pesado,Triplex 300g,300g,2 a 25,4/0,1676.0,5
Bajadas Fullcolor,fullcolor,XL,pesado,Triplex 300g,300g,2 a 25,4/4,2362.0,5
Bajadas Fullcolor,fullcolor,XL,pesado,Triplex 200g,200g,2 a 25,4/0,1600.0,5
Bajadas Fullcolor,fullcolor,XL,pesado,Triplex 200g,200g,2 a 25,4/4,2286.0,5
Bajadas Fullcolor,fullcolor,XL,pesado,PENDIENTE_REVISION_MANUAL,PENDIENTE_REVISION_MANUAL,2 a 25,4/0,1478.0,5
Bajadas Fullcolor,fullcolor,XL,pesado,PENDIENTE_REVISION_MANUAL,PENDIENTE_REVISION_MANUAL,2 a 25,4/4,2164.0,5
Bajadas Fullcolor,fullcolor,XL,pesado,Triplex 350g,350g,26 a 50,4/0,1504.0,5
Bajadas Fullcolor,fullcolor,XL,pesado,Triplex 350g,350g,26 a 50,4/4,2152.0,5
Bajadas Fullcolor,fullcolor,XL,pesado,Triplex 300g,300g,26 a 50,4/0,1583.0,5
Bajadas Fullcolor,fullcolor,XL,pesado,Triplex 300g,300g,26 a 50,4/4,2231.0,5
Bajadas Fullcolor,fullcolor,XL,pesado,Triplex 200g,200g,26 a 50,4/0,1511.0,5
Bajadas Fullcolor,fullcolor,XL,pesado,Triplex 200g,200g,26 a 50,4/4,2159.0,5
Bajadas Fullcolor,fullcolor,XL,pesado,PENDIENTE_REVISION_MANUAL,PENDIENTE_REVISION_MANUAL,26 a 50,4/0,1396.0,5
Bajadas Fullcolor,fullcolor,XL,pesado,PENDIENTE_REVISION_MANUAL,PENDIENTE_REVISION_MANUAL,26 a 50,4/4,2044.0,5
Bajadas Fullcolor,fullcolor,XL,pesado,Triplex 350g,350g,51 a 100,4/0,1415.0,5
Bajadas Fullcolor,fullcolor,XL,pesado,Triplex 350g,350g,51 a 100,4/4,2025.0,5
Bajadas Fullcolor,fullcolor,XL,pesado,Triplex 300g,300g,51 a 100,4/0,1490.0,5
Bajadas Fullcolor,fullcolor,XL,pesado,Triplex 300g,300g,51 a 100,4/4,2100.0,5
Bajadas Fullcolor,fullcolor,XL,pesado,Triplex 200g,200g,51 a 100,4/0,1422.0,5
Bajadas Fullcolor,fullcolor,XL,pesado,Triplex 200g,200g,51 a 100,4/4,2032.0,5
Bajadas Fullcolor,fullcolor,XL,pesado,PENDIENTE_REVISION_MANUAL,PENDIENTE_REVISION_MANUAL,51 a 100,4/0,1314.0,5
Bajadas Fullcolor,fullcolor,XL,pesado,PENDIENTE_REVISION_MANUAL,PENDIENTE_REVISION_MANUAL,51 a 100,4/4,1924.0,5
Bajadas Fullcolor,fullcolor,XL,pesado,Triplex 350g,350g,101 a 300,4/0,1327.0,5
Bajadas Fullcolor,fullcolor,XL,pesado,Triplex 350g,350g,101 a 300,4/4,1898.0,5
Bajadas Fullcolor,fullcolor,XL,pesado,Triplex 300g,300g,101 a 300,4/0,1397.0,5
Bajadas Fullcolor,fullcolor,XL,pesado,Triplex 300g,300g,101 a 300,4/4,1968.0,5
Bajadas Fullcolor,fullcolor,XL,pesado,Triplex 200g,200g,101 a 300,4/0,1333.0,5
Bajadas Fullcolor,fullcolor,XL,pesado,Triplex 200g,200g,101 a 300,4/4,1905.0,5
Bajadas Fullcolor,fullcolor,XL,pesado,PENDIENTE_REVISION_MANUAL,PENDIENTE_REVISION_MANUAL,101 a 300,4/0,1232.0,5
Bajadas Fullcolor,fullcolor,XL,pesado,PENDIENTE_REVISION_MANUAL,PENDIENTE_REVISION_MANUAL,101 a 300,4/4,1803.0,5
Bajadas Fullcolor,fullcolor,XL,pesado,Triplex 350g,350g,301 a 500,4/0,1238.0,5
Bajadas Fullcolor,fullcolor,XL,pesado,Triplex 350g,350g,301 a 500,4/4,1772.0,5
Bajadas Fullcolor,fullcolor,XL,pesado,Triplex 300g,300g,301 a 500,4/0,1304.0,5
Bajadas Fullcolor,fullcolor,XL,pesado,Triplex 300g,300g,301 a 500,4/4,1837.0,5
Bajadas Fullcolor,fullcolor,XL,pesado,Triplex 200g,200g,301 a 500,4/0,1244.0,5
Bajadas Fullcolor,fullcolor,XL,pesado,Triplex 200g,200g,301 a 500,4/4,1778.0,5
Bajadas Fullcolor,fullcolor,XL,pesado,PENDIENTE_REVISION_MANUAL,PENDIENTE_REVISION_MANUAL,301 a 500,4/0,1150.0,5
Bajadas Fullcolor,fullcolor,XL,pesado,PENDIENTE_REVISION_MANUAL,PENDIENTE_REVISION_MANUAL,301 a 500,4/4,1683.0,5
Bajadas Fullcolor,fullcolor,XL,pesado,Triplex 350g,350g,501 a 1000,4/0,1150.0,5
Bajadas Fullcolor,fullcolor,XL,pesado,Triplex 350g,350g,501 a 1000,4/4,1645.0,5
Bajadas Fullcolor,fullcolor,XL,pesado,Triplex 300g,300g,501 a 1000,4/0,1211.0,5
Bajadas Fullcolor,fullcolor,XL,pesado,Triplex 300g,300g,501 a 1000,4/4,1706.0,5
Bajadas Fullcolor,fullcolor,XL,pesado,Triplex 200g,200g,501 a 1000,4/0,1156.0,5
Bajadas Fullcolor,fullcolor,XL,pesado,Triplex 200g,200g,501 a 1000,4/4,1651.0,5
Bajadas Fullcolor,fullcolor,XL,pesado,PENDIENTE_REVISION_MANUAL,PENDIENTE_REVISION_MANUAL,501 a 1000,4/0,1068.0,5
Bajadas Fullcolor,fullcolor,XL,pesado,PENDIENTE_REVISION_MANUAL,PENDIENTE_REVISION_MANUAL,501 a 1000,4/4,1563.0,5
Bajadas Fullcolor,fullcolor,A4,pesado,Triplex 350g,350g,1,4/0,4.0,5
Bajadas Fullcolor,fullcolor,A4,pesado,Triplex 350g,350g,1,4/4,0.0,5
Bajadas Fullcolor,fullcolor,A4,pesado,Triplex 300g,300g,1,4/0,4.0,5
Bajadas Fullcolor,fullcolor,A4,pesado,Triplex 300g,300g,1,4/4,4.0,5
Bajadas Fullcolor,fullcolor,A4,pesado,Triplex 200g,200g,1,4/0,4.0,5
Bajadas Fullcolor,fullcolor,A4,pesado,Triplex 200g,200g,1,4/4,0.0,5
Bajadas Fullcolor,fullcolor,A4,pesado,PENDIENTE_REVISION_MANUAL,PENDIENTE_REVISION_MANUAL,1,4/0,4.0,5
Bajadas Fullcolor,fullcolor,A4,pesado,PENDIENTE_REVISION_MANUAL,PENDIENTE_REVISION_MANUAL,1,4/4,4.0,5
Bajadas Fullcolor,fullcolor,A4,pesado,Triplex 350g,350g,2 a 25,4/0,481.0,5
Bajadas Fullcolor,fullcolor,A4,pesado,Triplex 350g,350g,2 a 25,4/4,661.0,5
Bajadas Fullcolor,fullcolor,A4,pesado,Triplex 300g,300g,2 a 25,4/0,480.0,5
Bajadas Fullcolor,fullcolor,A4,pesado,Triplex 300g,300g,2 a 25,4/4,661.0,5
Bajadas Fullcolor,fullcolor,A4,pesado,Triplex 200g,200g,2 a 25,4/0,455.0,5
Bajadas Fullcolor,fullcolor,A4,pesado,Triplex 200g,200g,2 a 25,4/4,635.0,5
Bajadas Fullcolor,fullcolor,A4,pesado,PENDIENTE_REVISION_MANUAL,PENDIENTE_REVISION_MANUAL,2 a 25,4/0,414.0,5
Bajadas Fullcolor,fullcolor,A4,pesado,PENDIENTE_REVISION_MANUAL,PENDIENTE_REVISION_MANUAL,2 a 25,4/4,594.0,5
Bajadas Fullcolor,fullcolor,A4,pesado,Triplex 350g,350g,26 a 50,4/0,454.0,5
Bajadas Fullcolor,fullcolor,A4,pesado,Triplex 350g,350g,26 a 50,4/4,624.0,5
Bajadas Fullcolor,fullcolor,A4,pesado,Triplex 300g,300g,26 a 50,4/0,453.0,5
Bajadas Fullcolor,fullcolor,A4,pesado,Triplex 300g,300g,26 a 50,4/4,624.0,5
Bajadas Fullcolor,fullcolor,A4,pesado,Triplex 200g,200g,26 a 50,4/0,429.0,5
Bajadas Fullcolor,fullcolor,A4,pesado,Triplex 200g,200g,26 a 50,4/4,600.0,5
Bajadas Fullcolor,fullcolor,A4,pesado,PENDIENTE_REVISION_MANUAL,PENDIENTE_REVISION_MANUAL,26 a 50,4/0,391.0,5
Bajadas Fullcolor,fullcolor,A4,pesado,PENDIENTE_REVISION_MANUAL,PENDIENTE_REVISION_MANUAL,26 a 50,4/4,561.0,5
Bajadas Fullcolor,fullcolor,A4,pesado,Triplex 350g,350g,51 a 100,4/0,427.0,5
Bajadas Fullcolor,fullcolor,A4,pesado,Triplex 350g,350g,51 a 100,4/4,588.0,5
Bajadas Fullcolor,fullcolor,A4,pesado,Triplex 300g,300g,51 a 100,4/0,427.0,5
Bajadas Fullcolor,fullcolor,A4,pesado,Triplex 300g,300g,51 a 100,4/4,587.0,5
Bajadas Fullcolor,fullcolor,A4,pesado,Triplex 200g,200g,51 a 100,4/0,404.0,5
Bajadas Fullcolor,fullcolor,A4,pesado,Triplex 200g,200g,51 a 100,4/4,564.0,5
Bajadas Fullcolor,fullcolor,A4,pesado,PENDIENTE_REVISION_MANUAL,PENDIENTE_REVISION_MANUAL,51 a 100,4/0,368.0,5
Bajadas Fullcolor,fullcolor,A4,pesado,PENDIENTE_REVISION_MANUAL,PENDIENTE_REVISION_MANUAL,51 a 100,4/4,528.0,5
Bajadas Fullcolor,fullcolor,A4,pesado,Triplex 350g,350g,101 a 300,4/0,429.0,5
Bajadas Fullcolor,fullcolor,A4,pesado,Triplex 350g,350g,101 a 300,4/4,551.0,5
Bajadas Fullcolor,fullcolor,A4,pesado,Triplex 300g,300g,101 a 300,4/0,400.0,5
Bajadas Fullcolor,fullcolor,A4,pesado,Triplex 300g,300g,101 a 300,4/4,551.0,5
Bajadas Fullcolor,fullcolor,A4,pesado,Triplex 200g,200g,101 a 300,4/0,379.0,5
Bajadas Fullcolor,fullcolor,A4,pesado,Triplex 200g,200g,101 a 300,4/4,529.0,5
Bajadas Fullcolor,fullcolor,A4,pesado,PENDIENTE_REVISION_MANUAL,PENDIENTE_REVISION_MANUAL,101 a 300,4/0,345.0,5
Bajadas Fullcolor,fullcolor,A4,pesado,PENDIENTE_REVISION_MANUAL,PENDIENTE_REVISION_MANUAL,101 a 300,4/4,495.0,5
Bajadas Fullcolor,fullcolor,A4,pesado,Triplex 350g,350g,301 a 500,4/0,374.0,5
Bajadas Fullcolor,fullcolor,A4,pesado,Triplex 350g,350g,301 a 500,4/4,514.0,5
Bajadas Fullcolor,fullcolor,A4,pesado,Triplex 300g,300g,301 a 500,4/0,373.0,5
Bajadas Fullcolor,fullcolor,A4,pesado,Triplex 300g,300g,301 a 500,4/4,514.0,5
Bajadas Fullcolor,fullcolor,A4,pesado,Triplex 200g,200g,301 a 500,4/0,354.0,5
Bajadas Fullcolor,fullcolor,A4,pesado,Triplex 200g,200g,301 a 500,4/4,494.0,5
Bajadas Fullcolor,fullcolor,A4,pesado,PENDIENTE_REVISION_MANUAL,PENDIENTE_REVISION_MANUAL,301 a 500,4/0,322.0,5
Bajadas Fullcolor,fullcolor,A4,pesado,PENDIENTE_REVISION_MANUAL,PENDIENTE_REVISION_MANUAL,301 a 500,4/4,462.0,5
Bajadas Fullcolor,fullcolor,A4,pesado,Triplex 350g,350g,501 a 1000,4/0,347.0,5
Bajadas Fullcolor,fullcolor,A4,pesado,Triplex 350g,350g,501 a 1000,4/4,477.0,5
Bajadas Fullcolor,fullcolor,A4,pesado,Triplex 300g,300g,501 a 1000,4/0,347.0,5
Bajadas Fullcolor,fullcolor,A4,pesado,Triplex 300g,300g,501 a 1000,4/4,477.0,5
Bajadas Fullcolor,fullcolor,A4,pesado,Triplex 200g,200g,501 a 1000,4/0,328.0,5
Bajadas Fullcolor,fullcolor,A4,pesado,Triplex 200g,200g,501 a 1000,4/4,459.0,5
Bajadas Fullcolor,fullcolor,A4,pesado,PENDIENTE_REVISION_MANUAL,PENDIENTE_REVISION_MANUAL,501 a 1000,4/0,299.0,5
Bajadas Fullcolor,fullcolor,A4,pesado,PENDIENTE_REVISION_MANUAL,PENDIENTE_REVISION_MANUAL,501 a 1000,4/4,429.0,5
Bajadas Fullcolor,fullcolor,Kraft,kraft,Kraft 80g,80g,1,1/0,29.0,5
Bajadas Fullcolor,fullcolor,Kraft,kraft,Kraft 80g,80g,1,1/1,41.0,5
Bajadas Fullcolor,fullcolor,Kraft,kraft,Kraft 200g,200g,1,1/0,29.0,5
Bajadas Fullcolor,fullcolor,Kraft,kraft,Kraft 200g,200g,1,1/1,1.0,5
Bajadas Fullcolor,fullcolor,Kraft,kraft,Kraft 80g,80g,1,4/0,0.0,5
Bajadas Fullcolor,fullcolor,Kraft,kraft,Kraft 80g,80g,1,4/4,1.0,5
Bajadas Fullcolor,fullcolor,Kraft,kraft,Kraft 200g,200g,1,4/0,1.0,5
Bajadas Fullcolor,fullcolor,Kraft,kraft,Kraft 200g,200g,1,4/4,1.0,5
Bajadas Fullcolor,fullcolor,Kraft,kraft,Kraft 80g,80g,2 a 25,1/0,214.0,5
Bajadas Fullcolor,fullcolor,Kraft,kraft,Kraft 80g,80g,2 a 25,1/1,287.8,5
Bajadas Fullcolor,fullcolor,Kraft,kraft,Kraft 200g,200g,2 a 25,1/0,325.0,5
Bajadas Fullcolor,fullcolor,Kraft,kraft,Kraft 200g,200g,2 a 25,1/1,407.3,5
Bajadas Fullcolor,fullcolor,Kraft,kraft,Kraft 80g,80g,2 a 25,4/0,640.0,5
Bajadas Fullcolor,fullcolor,Kraft,kraft,Kraft 80g,80g,2 a 25,4/4,991.0,5
Bajadas Fullcolor,fullcolor,Kraft,kraft,Kraft 200g,200g,2 a 25,4/0,759.0,5
Bajadas Fullcolor,fullcolor,Kraft,kraft,Kraft 200g,200g,2 a 25,4/4,1102.0,5
Bajadas Fullcolor,fullcolor,Kraft,kraft,Kraft 80g,80g,26 a 50,1/0,194.1,5
Bajadas Fullcolor,fullcolor,Kraft,kraft,Kraft 80g,80g,26 a 50,1/1,271.8,5
Bajadas Fullcolor,fullcolor,Kraft,kraft,Kraft 200g,200g,26 a 50,1/0,307.0,5
Bajadas Fullcolor,fullcolor,Kraft,kraft,Kraft 200g,200g,26 a 50,1/1,384.7,5
Bajadas Fullcolor,fullcolor,Kraft,kraft,Kraft 80g,80g,26 a 50,4/0,604.0,5
Bajadas Fullcolor,fullcolor,Kraft,kraft,Kraft 80g,80g,26 a 50,4/4,928.0,5
Bajadas Fullcolor,fullcolor,Kraft,kraft,Kraft 200g,200g,26 a 50,4/0,717.0,5
Bajadas Fullcolor,fullcolor,Kraft,kraft,Kraft 200g,200g,26 a 50,4/4,1041.0,5
Bajadas Fullcolor,fullcolor,Kraft,kraft,Kraft 80g,80g,51 a 100,1/0,182.7,5
Bajadas Fullcolor,fullcolor,Kraft,kraft,Kraft 80g,80g,51 a 100,1/1,255.8,5
Bajadas Fullcolor,fullcolor,Kraft,kraft,Kraft 200g,200g,51 a 100,1/0,288.9,5
Bajadas Fullcolor,fullcolor,Kraft,kraft,Kraft 200g,200g,51 a 100,1/1,362.1,5
Bajadas Fullcolor,fullcolor,Kraft,kraft,Kraft 80g,80g,51 a 100,4/0,569.0,5
Bajadas Fullcolor,fullcolor,Kraft,kraft,Kraft 80g,80g,51 a 100,4/4,874.0,5
Bajadas Fullcolor,fullcolor,Kraft,kraft,Kraft 200g,200g,51 a 100,4/0,675.0,5
Bajadas Fullcolor,fullcolor,Kraft,kraft,Kraft 200g,200g,51 a 100,4/4,980.0,5
Bajadas Fullcolor,fullcolor,Kraft,kraft,Kraft 80g,80g,101 a 300,1/0,171.2,5
Bajadas Fullcolor,fullcolor,Kraft,kraft,Kraft 80g,80g,101 a 300,1/1,239.8,5
Bajadas Fullcolor,fullcolor,Kraft,kraft,Kraft 200g,200g,101 a 300,1/0,270.9,5
Bajadas Fullcolor,fullcolor,Kraft,kraft,Kraft 200g,200g,101 a 300,1/1,339.5,5
Bajadas Fullcolor,fullcolor,Kraft,kraft,Kraft 80g,80g,101 a 300,4/0,533.0,5
Bajadas Fullcolor,fullcolor,Kraft,kraft,Kraft 80g,80g,101 a 300,4/4,819.0,5
Bajadas Fullcolor,fullcolor,Kraft,kraft,Kraft 200g,200g,101 a 300,4/0,633.0,5
Bajadas Fullcolor,fullcolor,Kraft,kraft,Kraft 200g,200g,101 a 300,4/4,919.0,5
Bajadas Fullcolor,fullcolor,Kraft,kraft,Kraft 80g,80g,301 a 500,1/0,159.8,5
Bajadas Fullcolor,fullcolor,Kraft,kraft,Kraft 80g,80g,301 a 500,1/1,223.8,5
Bajadas Fullcolor,fullcolor,Kraft,kraft,Kraft 200g,200g,301 a 500,1/0,252.8,5
Bajadas Fullcolor,fullcolor,Kraft,kraft,Kraft 200g,200g,301 a 500,1/1,316.8,5
Bajadas Fullcolor,fullcolor,Kraft,kraft,Kraft 80g,80g,301 a 500,4/0,498.0,5
Bajadas Fullcolor,fullcolor,Kraft,kraft,Kraft 80g,80g,301 a 500,4/4,764.0,5
Bajadas Fullcolor,fullcolor,Kraft,kraft,Kraft 200g,200g,301 a 500,4/0,591.0,5
Bajadas Fullcolor,fullcolor,Kraft,kraft,Kraft 200g,200g,301 a 500,4/4,857.0,5
Bajadas Blanco y Negro,blanco_y_negro,A3+,liviano,A3 150g,150g,2 a 50,1/0,265.0,6
Bajadas Blanco y Negro,blanco_y_negro,A3+,liviano,A3 150g,150g,2 a 50,1/1,348.0,6
Bajadas Blanco y Negro,blanco_y_negro,A3+,liviano,A3 115g,115g,2 a 50,1/0,235.0,6
Bajadas Blanco y Negro,blanco_y_negro,A3+,liviano,A3 115g,115g,2 a 50,1/1,318.0,6
Bajadas Blanco y Negro,blanco_y_negro,A3+,liviano,A3 90g,90g,2 a 50,1/0,214.0,6
Bajadas Blanco y Negro,blanco_y_negro,A3+,liviano,A3 90g,90g,2 a 50,1/1,296.0,6
Bajadas Blanco y Negro,blanco_y_negro,A3+,liviano,A3 80g,80g,2 a 50,1/0,214.0,6
Bajadas Blanco y Negro,blanco_y_negro,A3+,liviano,A3 80g,80g,2 a 50,1/1,288.0,6
Bajadas Blanco y Negro,blanco_y_negro,A3+,liviano,A3 150g,150g,51 a 100,1/0,251.0,6
Bajadas Blanco y Negro,blanco_y_negro,A3+,liviano,A3 150g,150g,51 a 100,1/1,328.0,6
Bajadas Blanco y Negro,blanco_y_negro,A3+,liviano,A3 115g,115g,51 a 100,1/0,222.0,6
Bajadas Blanco y Negro,blanco_y_negro,A3+,liviano,A3 115g,115g,51 a 100,1/1,300.0,6
Bajadas Blanco y Negro,blanco_y_negro,A3+,liviano,A3 90g,90g,51 a 100,1/0,202.0,6
Bajadas Blanco y Negro,blanco_y_negro,A3+,liviano,A3 90g,90g,51 a 100,1/1,280.0,6
Bajadas Blanco y Negro,blanco_y_negro,A3+,liviano,A3 80g,80g,51 a 100,1/0,194.0,6
Bajadas Blanco y Negro,blanco_y_negro,A3+,liviano,A3 80g,80g,51 a 100,1/1,272.0,6
Bajadas Blanco y Negro,blanco_y_negro,A3+,liviano,A3 150g,150g,101 a 500,1/0,236.0,6
Bajadas Blanco y Negro,blanco_y_negro,A3+,liviano,A3 150g,150g,101 a 500,1/1,309.0,6
Bajadas Blanco y Negro,blanco_y_negro,A3+,liviano,A3 115g,115g,101 a 500,1/0,209.0,6
Bajadas Blanco y Negro,blanco_y_negro,A3+,liviano,A3 115g,115g,101 a 500,1/1,282.0,6
Bajadas Blanco y Negro,blanco_y_negro,A3+,liviano,A3 90g,90g,101 a 500,1/0,190.0,6
Bajadas Blanco y Negro,blanco_y_negro,A3+,liviano,A3 90g,90g,101 a 500,1/1,263.0,6
Bajadas Blanco y Negro,blanco_y_negro,A3+,liviano,A3 80g,80g,101 a 500,1/0,183.0,6
Bajadas Blanco y Negro,blanco_y_negro,A3+,liviano,A3 80g,80g,101 a 500,1/1,256.0,6
Bajadas Blanco y Negro,blanco_y_negro,A3+,liviano,A3 150g,150g,501 a 1000,1/0,221.0,6
Bajadas Blanco y Negro,blanco_y_negro,A3+,liviano,A3 150g,150g,501 a 1000,1/1,290.0,6
Bajadas Blanco y Negro,blanco_y_negro,A3+,liviano,A3 115g,115g,501 a 1000,1/0,196.0,6
Bajadas Blanco y Negro,blanco_y_negro,A3+,liviano,A3 115g,115g,501 a 1000,1/1,265.0,6
Bajadas Blanco y Negro,blanco_y_negro,A3+,liviano,A3 90g,90g,501 a 1000,1/0,178.0,6
Bajadas Blanco y Negro,blanco_y_negro,A3+,liviano,A3 90g,90g,501 a 1000,1/1,247.0,6
Bajadas Blanco y Negro,blanco_y_negro,A3+,liviano,A3 80g,80g,501 a 1000,1/0,171.0,6
Bajadas Blanco y Negro,blanco_y_negro,A3+,liviano,A3 80g,80g,501 a 1000,1/1,240.0,6
Bajadas Blanco y Negro,blanco_y_negro,A3+,liviano,A3 150g,150g,1001 a 5000,1/0,206.0,6
Bajadas Blanco y Negro,blanco_y_negro,A3+,liviano,A3 150g,150g,1001 a 5000,1/1,270.0,6
Bajadas Blanco y Negro,blanco_y_negro,A3+,liviano,A3 115g,115g,1001 a 5000,1/0,183.0,6
Bajadas Blanco y Negro,blanco_y_negro,A3+,liviano,A3 115g,115g,1001 a 5000,1/1,247.0,6
Bajadas Blanco y Negro,blanco_y_negro,A3+,liviano,A3 90g,90g,1001 a 5000,1/0,166.0,6
Bajadas Blanco y Negro,blanco_y_negro,A3+,liviano,A3 90g,90g,1001 a 5000,1/1,230.0,6
Bajadas Blanco y Negro,blanco_y_negro,A3+,liviano,A3 80g,80g,1001 a 5000,1/0,160.0,6
Bajadas Blanco y Negro,blanco_y_negro,A3+,liviano,A3 80g,80g,1001 a 5000,1/1,224.0,6
Bajadas Blanco y Negro,blanco_y_negro,A3+,autoadhesivo,Autoadhesivo Papel,PENDIENTE_REVISION_MANUAL,2 a 50,1/0,441.0,6
Bajadas Blanco y Negro,blanco_y_negro,A3+,autoadhesivo,Autoadhesivo Opp,PENDIENTE_REVISION_MANUAL,2 a 50,1/0,1036.0,6
Bajadas Blanco y Negro,blanco_y_negro,A3+,autoadhesivo,Autoadhesivo Papel,PENDIENTE_REVISION_MANUAL,51 a 100,1/0,416.0,6
Bajadas Blanco y Negro,blanco_y_negro,A3+,autoadhesivo,Autoadhesivo Opp,PENDIENTE_REVISION_MANUAL,51 a 100,1/0,979.0,6
Bajadas Blanco y Negro,blanco_y_negro,A3+,autoadhesivo,Autoadhesivo Papel,PENDIENTE_REVISION_MANUAL,101 a 500,1/0,392.0,6
Bajadas Blanco y Negro,blanco_y_negro,A3+,autoadhesivo,Autoadhesivo Opp,PENDIENTE_REVISION_MANUAL,101 a 500,1/0,921.0,6
Bajadas Blanco y Negro,blanco_y_negro,A3+,autoadhesivo,Autoadhesivo Papel,PENDIENTE_REVISION_MANUAL,501 a 1000,1/0,367.0,6
Bajadas Blanco y Negro,blanco_y_negro,A3+,autoadhesivo,Autoadhesivo Opp,PENDIENTE_REVISION_MANUAL,501 a 1000,1/0,863.0,6
Bajadas Blanco y Negro,blanco_y_negro,A3+,autoadhesivo,Autoadhesivo Papel,PENDIENTE_REVISION_MANUAL,1001 a 5000,1/0,343.0,6
Bajadas Blanco y Negro,blanco_y_negro,A3+,autoadhesivo,Autoadhesivo Opp,PENDIENTE_REVISION_MANUAL,1001 a 5000,1/0,806.0,6
Bajadas Blanco y Negro,blanco_y_negro,A3+,pesado,Triplex 350g,350g,1,1/0,0.0,6
Bajadas Blanco y Negro,blanco_y_negro,A3+,pesado,Triplex 350g,350g,1,1/1,1.0,6
Bajadas Blanco y Negro,blanco_y_negro,A3+,pesado,Triplex 300g,300g,1,1/0,1.0,6
Bajadas Blanco y Negro,blanco_y_negro,A3+,pesado,Triplex 300g,300g,1,1/1,1.0,6
Bajadas Blanco y Negro,blanco_y_negro,A3+,pesado,Triplex 200g,200g,1,1/0,0.0,6
Bajadas Blanco y Negro,blanco_y_negro,A3+,pesado,Triplex 200g,200g,1,1/1,1.0,6
Bajadas Blanco y Negro,blanco_y_negro,A3+,pesado,PENDIENTE_REVISION_MANUAL,PENDIENTE_REVISION_MANUAL,1,1/0,1.0,6
Bajadas Blanco y Negro,blanco_y_negro,A3+,pesado,PENDIENTE_REVISION_MANUAL,PENDIENTE_REVISION_MANUAL,1,1/1,1.0,6
Bajadas Blanco y Negro,blanco_y_negro,A3+,pesado,Triplex 350g,350g,2 a 50,1/0,437.0,6
Bajadas Blanco y Negro,blanco_y_negro,A3+,pesado,Triplex 350g,350g,2 a 50,1/1,519.0,6
Bajadas Blanco y Negro,blanco_y_negro,A3+,pesado,Triplex 300g,300g,2 a 50,1/0,436.0,6
Bajadas Blanco y Negro,blanco_y_negro,A3+,pesado,Triplex 300g,300g,2 a 50,1/1,518.0,6
Bajadas Blanco y Negro,blanco_y_negro,A3+,pesado,Triplex 200g,200g,2 a 50,1/0,393.0,6
Bajadas Blanco y Negro,blanco_y_negro,A3+,pesado,Triplex 200g,200g,2 a 50,1/1,476.0,6
Bajadas Blanco y Negro,blanco_y_negro,A3+,pesado,PENDIENTE_REVISION_MANUAL,PENDIENTE_REVISION_MANUAL,2 a 50,1/0,325.0,6
Bajadas Blanco y Negro,blanco_y_negro,A3+,pesado,PENDIENTE_REVISION_MANUAL,PENDIENTE_REVISION_MANUAL,2 a 50,1/1,407.0,6
Bajadas Blanco y Negro,blanco_y_negro,A3+,pesado,Triplex 350g,350g,51 a 100,1/0,412.0,6
Bajadas Blanco y Negro,blanco_y_negro,A3+,pesado,Triplex 350g,350g,51 a 100,1/1,490.0,6
Bajadas Blanco y Negro,blanco_y_negro,A3+,pesado,Triplex 300g,300g,51 a 100,1/0,412.0,6
Bajadas Blanco y Negro,blanco_y_negro,A3+,pesado,Triplex 300g,300g,51 a 100,1/1,490.0,6
Bajadas Blanco y Negro,blanco_y_negro,A3+,pesado,Triplex 200g,200g,51 a 100,1/0,372.0,6
Bajadas Blanco y Negro,blanco_y_negro,A3+,pesado,Triplex 200g,200g,51 a 100,1/1,449.0,6
Bajadas Blanco y Negro,blanco_y_negro,A3+,pesado,PENDIENTE_REVISION_MANUAL,PENDIENTE_REVISION_MANUAL,51 a 100,1/0,307.0,6
Bajadas Blanco y Negro,blanco_y_negro,A3+,pesado,PENDIENTE_REVISION_MANUAL,PENDIENTE_REVISION_MANUAL,51 a 100,1/1,385.0,6
Bajadas Blanco y Negro,blanco_y_negro,A3+,pesado,Triplex 350g,350g,101 a 500,1/0,388.0,6
Bajadas Blanco y Negro,blanco_y_negro,A3+,pesado,Triplex 350g,350g,101 a 500,1/1,461.0,6
Bajadas Blanco y Negro,blanco_y_negro,A3+,pesado,Triplex 300g,300g,101 a 500,1/0,388.0,6
Bajadas Blanco y Negro,blanco_y_negro,A3+,pesado,Triplex 300g,300g,101 a 500,1/1,461.0,6
Bajadas Blanco y Negro,blanco_y_negro,A3+,pesado,Triplex 200g,200g,101 a 500,1/0,350.0,6
Bajadas Blanco y Negro,blanco_y_negro,A3+,pesado,Triplex 200g,200g,101 a 500,1/1,423.0,6
Bajadas Blanco y Negro,blanco_y_negro,A3+,pesado,PENDIENTE_REVISION_MANUAL,PENDIENTE_REVISION_MANUAL,101 a 500,1/0,289.0,6
Bajadas Blanco y Negro,blanco_y_negro,A3+,pesado,PENDIENTE_REVISION_MANUAL,PENDIENTE_REVISION_MANUAL,101 a 500,1/1,362.0,6
Bajadas Blanco y Negro,blanco_y_negro,A3+,pesado,Triplex 350g,350g,501 a 1000,1/0,364.0,6
Bajadas Blanco y Negro,blanco_y_negro,A3+,pesado,Triplex 350g,350g,501 a 1000,1/1,432.0,6
Bajadas Blanco y Negro,blanco_y_negro,A3+,pesado,Triplex 300g,300g,501 a 1000,1/0,363.0,6
Bajadas Blanco y Negro,blanco_y_negro,A3+,pesado,Triplex 300g,300g,501 a 1000,1/1,432.0,6
Bajadas Blanco y Negro,blanco_y_negro,A3+,pesado,Triplex 200g,200g,501 a 1000,1/0,328.0,6
Bajadas Blanco y Negro,blanco_y_negro,A3+,pesado,Triplex 200g,200g,501 a 1000,1/1,396.0,6
Bajadas Blanco y Negro,blanco_y_negro,A3+,pesado,PENDIENTE_REVISION_MANUAL,PENDIENTE_REVISION_MANUAL,501 a 1000,1/0,271.0,6
Bajadas Blanco y Negro,blanco_y_negro,A3+,pesado,PENDIENTE_REVISION_MANUAL,PENDIENTE_REVISION_MANUAL,501 a 1000,1/1,339.0,6
Bajadas Blanco y Negro,blanco_y_negro,A3+,pesado,Triplex 350g,350g,1001 a 5000,1/0,340.0,6
Bajadas Blanco y Negro,blanco_y_negro,A3+,pesado,Triplex 350g,350g,1001 a 5000,1/1,404.0,6
Bajadas Blanco y Negro,blanco_y_negro,A3+,pesado,Triplex 300g,300g,1001 a 5000,1/0,339.0,6
Bajadas Blanco y Negro,blanco_y_negro,A3+,pesado,Triplex 300g,300g,1001 a 5000,1/1,403.0,6
Bajadas Blanco y Negro,blanco_y_negro,A3+,pesado,Triplex 200g,200g,1001 a 5000,1/0,306.0,6
Bajadas Blanco y Negro,blanco_y_negro,A3+,pesado,Triplex 200g,200g,1001 a 5000,1/1,370.0,6
Bajadas Blanco y Negro,blanco_y_negro,A3+,pesado,PENDIENTE_REVISION_MANUAL,PENDIENTE_REVISION_MANUAL,1001 a 5000,1/0,253.0,6
Bajadas Blanco y Negro,blanco_y_negro,A3+,pesado,PENDIENTE_REVISION_MANUAL,PENDIENTE_REVISION_MANUAL,1001 a 5000,1/1,317.0,6
Bajadas Blanco y Negro,blanco_y_negro,XL,liviano,A3 150g,150g,2 a 50,1/0,503.0,6
Bajadas Blanco y Negro,blanco_y_negro,XL,liviano,A3 150g,150g,2 a 50,1/1,805.0,6
Bajadas Blanco y Negro,blanco_y_negro,XL,liviano,A3 115g,115g,2 a 50,1/0,450.0,6
Bajadas Blanco y Negro,blanco_y_negro,XL,liviano,A3 115g,115g,2 a 50,1/1,719.0,6
Bajadas Blanco y Negro,blanco_y_negro,XL,liviano,A3 90g,90g,2 a 50,1/0,411.0,6
Bajadas Blanco y Negro,blanco_y_negro,XL,liviano,A3 90g,90g,2 a 50,1/1,658.0,6
Bajadas Blanco y Negro,blanco_y_negro,XL,liviano,A3 80g,80g,2 a 50,1/0,396.0,6
Bajadas Blanco y Negro,blanco_y_negro,XL,liviano,A3 80g,80g,2 a 50,1/1,634.0,6
Bajadas Blanco y Negro,blanco_y_negro,XL,liviano,A3 150g,150g,51 a 100,1/0,475.0,6
Bajadas Blanco y Negro,blanco_y_negro,XL,liviano,A3 150g,150g,51 a 100,1/1,760.0,6
Bajadas Blanco y Negro,blanco_y_negro,XL,liviano,A3 115g,115g,51 a 100,1/0,425.0,6
Bajadas Blanco y Negro,blanco_y_negro,XL,liviano,A3 115g,115g,51 a 100,1/1,679.0,6
Bajadas Blanco y Negro,blanco_y_negro,XL,liviano,A3 90g,90g,51 a 100,1/0,389.0,6
Bajadas Blanco y Negro,blanco_y_negro,XL,liviano,A3 90g,90g,51 a 100,1/1,622.0,6
Bajadas Blanco y Negro,blanco_y_negro,XL,liviano,A3 80g,80g,51 a 100,1/0,374.0,6
Bajadas Blanco y Negro,blanco_y_negro,XL,liviano,A3 80g,80g,51 a 100,1/1,599.0,6
Bajadas Blanco y Negro,blanco_y_negro,XL,liviano,A3 150g,150g,101 a 500,1/0,447.0,6
Bajadas Blanco y Negro,blanco_y_negro,XL,liviano,A3 150g,150g,101 a 500,1/1,715.0,6
Bajadas Blanco y Negro,blanco_y_negro,XL,liviano,A3 115g,115g,101 a 500,1/0,400.0,6
Bajadas Blanco y Negro,blanco_y_negro,XL,liviano,A3 115g,115g,101 a 500,1/1,639.0,6
Bajadas Blanco y Negro,blanco_y_negro,XL,liviano,A3 90g,90g,101 a 500,1/0,366.0,6
Bajadas Blanco y Negro,blanco_y_negro,XL,liviano,A3 90g,90g,101 a 500,1/1,585.0,6
Bajadas Blanco y Negro,blanco_y_negro,XL,liviano,A3 80g,80g,101 a 500,1/0,352.0,6
Bajadas Blanco y Negro,blanco_y_negro,XL,liviano,A3 80g,80g,101 a 500,1/1,563.0,6
Bajadas Blanco y Negro,blanco_y_negro,XL,liviano,A3 150g,150g,501 a 1000,1/0,419.0,6
Bajadas Blanco y Negro,blanco_y_negro,XL,liviano,A3 150g,150g,501 a 1000,1/1,670.0,6
Bajadas Blanco y Negro,blanco_y_negro,XL,liviano,A3 115g,115g,501 a 1000,1/0,375.0,6
Bajadas Blanco y Negro,blanco_y_negro,XL,liviano,A3 115g,115g,501 a 1000,1/1,599.0,6
Bajadas Blanco y Negro,blanco_y_negro,XL,liviano,A3 90g,90g,501 a 1000,1/0,343.0,6
Bajadas Blanco y Negro,blanco_y_negro,XL,liviano,A3 90g,90g,501 a 1000,1/1,549.0,6
Bajadas Blanco y Negro,blanco_y_negro,XL,liviano,A3 80g,80g,501 a 1000,1/0,330.0,6
Bajadas Blanco y Negro,blanco_y_negro,XL,liviano,A3 80g,80g,501 a 1000,1/1,528.0,6
Bajadas Blanco y Negro,blanco_y_negro,XL,liviano,A3 150g,150g,1001 a 5000,1/0,391.0,6
Bajadas Blanco y Negro,blanco_y_negro,XL,liviano,A3 150g,150g,1001 a 5000,1/1,626.0,6
Bajadas Blanco y Negro,blanco_y_negro,XL,liviano,A3 115g,115g,1001 a 5000,1/0,350.0,6
Bajadas Blanco y Negro,blanco_y_negro,XL,liviano,A3 115g,115g,1001 a 5000,1/1,559.0,6
Bajadas Blanco y Negro,blanco_y_negro,XL,liviano,A3 90g,90g,1001 a 5000,1/0,320.0,6
Bajadas Blanco y Negro,blanco_y_negro,XL,liviano,A3 90g,90g,1001 a 5000,1/1,493.0,6
Bajadas Blanco y Negro,blanco_y_negro,XL,liviano,A3 80g,80g,1001 a 5000,1/0,308.0,6
Bajadas Blanco y Negro,blanco_y_negro,XL,liviano,A3 80g,80g,1001 a 5000,1/1,493.0,6
Bajadas Blanco y Negro,blanco_y_negro,XL,pesado,Triplex 350g,350g,1,1/0,0.0,6
Bajadas Blanco y Negro,blanco_y_negro,XL,pesado,Triplex 350g,350g,1,1/1,1.0,6
Bajadas Blanco y Negro,blanco_y_negro,XL,pesado,Triplex 300g,300g,1,1/0,1.0,6
Bajadas Blanco y Negro,blanco_y_negro,XL,pesado,Triplex 300g,300g,1,1/1,1.0,6
Bajadas Blanco y Negro,blanco_y_negro,XL,pesado,Triplex 200g,200g,1,1/0,0.0,6
Bajadas Blanco y Negro,blanco_y_negro,XL,pesado,Triplex 200g,200g,1,1/1,1.0,6
Bajadas Blanco y Negro,blanco_y_negro,XL,pesado,PENDIENTE_REVISION_MANUAL,PENDIENTE_REVISION_MANUAL,1,1/0,1.0,6
Bajadas Blanco y Negro,blanco_y_negro,XL,pesado,PENDIENTE_REVISION_MANUAL,PENDIENTE_REVISION_MANUAL,1,1/1,1.0,6
Bajadas Blanco y Negro,blanco_y_negro,XL,pesado,Triplex 350g,350g,2 a 50,1/0,724.0,6
Bajadas Blanco y Negro,blanco_y_negro,XL,pesado,Triplex 350g,350g,2 a 50,1/1,1158.0,6
Bajadas Blanco y Negro,blanco_y_negro,XL,pesado,Triplex 300g,300g,2 a 50,1/0,808.0,6
Bajadas Blanco y Negro,blanco_y_negro,XL,pesado,Triplex 300g,300g,2 a 50,1/1,1292.0,6
Bajadas Blanco y Negro,blanco_y_negro,XL,pesado,Triplex 200g,200g,2 a 50,1/0,731.0,6
Bajadas Blanco y Negro,blanco_y_negro,XL,pesado,Triplex 200g,200g,2 a 50,1/1,1170.0,6
Bajadas Blanco y Negro,blanco_y_negro,XL,pesado,PENDIENTE_REVISION_MANUAL,PENDIENTE_REVISION_MANUAL,2 a 50,1/0,610.0,6
Bajadas Blanco y Negro,blanco_y_negro,XL,pesado,PENDIENTE_REVISION_MANUAL,PENDIENTE_REVISION_MANUAL,2 a 50,1/1,975.0,6
Bajadas Blanco y Negro,blanco_y_negro,XL,pesado,Triplex 350g,350g,51 a 100,1/0,683.0,6
Bajadas Blanco y Negro,blanco_y_negro,XL,pesado,Triplex 350g,350g,51 a 100,1/1,1093.0,6
Bajadas Blanco y Negro,blanco_y_negro,XL,pesado,Triplex 300g,300g,51 a 100,1/0,763.0,6
Bajadas Blanco y Negro,blanco_y_negro,XL,pesado,Triplex 300g,300g,51 a 100,1/1,1220.0,6
Bajadas Blanco y Negro,blanco_y_negro,XL,pesado,Triplex 200g,200g,51 a 100,1/0,691.0,6
Bajadas Blanco y Negro,blanco_y_negro,XL,pesado,Triplex 200g,200g,51 a 100,1/1,1105.0,6
Bajadas Blanco y Negro,blanco_y_negro,XL,pesado,PENDIENTE_REVISION_MANUAL,PENDIENTE_REVISION_MANUAL,51 a 100,1/0,576.0,6
Bajadas Blanco y Negro,blanco_y_negro,XL,pesado,PENDIENTE_REVISION_MANUAL,PENDIENTE_REVISION_MANUAL,51 a 100,1/1,921.0,6
Bajadas Blanco y Negro,blanco_y_negro,XL,pesado,Triplex 350g,350g,101 a 500,1/0,643.0,6
Bajadas Blanco y Negro,blanco_y_negro,XL,pesado,Triplex 350g,350g,101 a 500,1/1,1029.0,6
Bajadas Blanco y Negro,blanco_y_negro,XL,pesado,Triplex 300g,300g,101 a 500,1/0,718.0,6
Bajadas Blanco y Negro,blanco_y_negro,XL,pesado,Triplex 300g,300g,101 a 500,1/1,1149.0,6
Bajadas Blanco y Negro,blanco_y_negro,XL,pesado,Triplex 200g,200g,101 a 500,1/0,650.0,6
Bajadas Blanco y Negro,blanco_y_negro,XL,pesado,Triplex 200g,200g,101 a 500,1/1,1040.0,6
Bajadas Blanco y Negro,blanco_y_negro,XL,pesado,PENDIENTE_REVISION_MANUAL,PENDIENTE_REVISION_MANUAL,101 a 500,1/0,542.0,6
Bajadas Blanco y Negro,blanco_y_negro,XL,pesado,PENDIENTE_REVISION_MANUAL,PENDIENTE_REVISION_MANUAL,101 a 500,1/1,867.0,6
Bajadas Blanco y Negro,blanco_y_negro,XL,pesado,Triplex 350g,350g,501 a 1000,1/0,603.0,6
Bajadas Blanco y Negro,blanco_y_negro,XL,pesado,Triplex 350g,350g,501 a 1000,1/1,965.0,6
Bajadas Blanco y Negro,blanco_y_negro,XL,pesado,Triplex 300g,300g,501 a 1000,1/0,673.0,6
Bajadas Blanco y Negro,blanco_y_negro,XL,pesado,Triplex 300g,300g,501 a 1000,1/1,1077.0,6
Bajadas Blanco y Negro,blanco_y_negro,XL,pesado,Triplex 200g,200g,501 a 1000,1/0,609.0,6
Bajadas Blanco y Negro,blanco_y_negro,XL,pesado,Triplex 200g,200g,501 a 1000,1/1,975.0,6
Bajadas Blanco y Negro,blanco_y_negro,XL,pesado,PENDIENTE_REVISION_MANUAL,PENDIENTE_REVISION_MANUAL,501 a 1000,1/0,508.0,6
Bajadas Blanco y Negro,blanco_y_negro,XL,pesado,PENDIENTE_REVISION_MANUAL,PENDIENTE_REVISION_MANUAL,501 a 1000,1/1,813.0,6
Bajadas Blanco y Negro,blanco_y_negro,XL,pesado,Triplex 350g,350g,1001 a 5000,1/0,563.0,6
Bajadas Blanco y Negro,blanco_y_negro,XL,pesado,Triplex 350g,350g,1001 a 5000,1/1,901.0,6
Bajadas Blanco y Negro,blanco_y_negro,XL,pesado,Triplex 300g,300g,1001 a 5000,1/0,628.0,6
Bajadas Blanco y Negro,blanco_y_negro,XL,pesado,Triplex 300g,300g,1001 a 5000,1/1,1005.0,6
Bajadas Blanco y Negro,blanco_y_negro,XL,pesado,Triplex 200g,200g,1001 a 5000,1/0,569.0,6
Bajadas Blanco y Negro,blanco_y_negro,XL,pesado,Triplex 200g,200g,1001 a 5000,1/1,910.0,6
Bajadas Blanco y Negro,blanco_y_negro,XL,pesado,PENDIENTE_REVISION_MANUAL,PENDIENTE_REVISION_MANUAL,1001 a 5000,1/0,474.0,6
Bajadas Blanco y Negro,blanco_y_negro,XL,pesado,PENDIENTE_REVISION_MANUAL,PENDIENTE_REVISION_MANUAL,1001 a 5000,1/1,758.0,6
Bajadas Blanco y Negro,blanco_y_negro,A4,pesado,Triplex 350g,350g,1,1/0,1.0,6
Bajadas Blanco y Negro,blanco_y_negro,A4,pesado,Triplex 350g,350g,1,1/1,0.0,6
Bajadas Blanco y Negro,blanco_y_negro,A4,pesado,Triplex 300g,300g,1,1/0,1.0,6
Bajadas Blanco y Negro,blanco_y_negro,A4,pesado,Triplex 300g,300g,1,1/1,1.0,6
Bajadas Blanco y Negro,blanco_y_negro,A4,pesado,Triplex 200g,200g,1,1/0,1.0,6
Bajadas Blanco y Negro,blanco_y_negro,A4,pesado,Triplex 200g,200g,1,1/1,0.0,6
Bajadas Blanco y Negro,blanco_y_negro,A4,pesado,PENDIENTE_REVISION_MANUAL,PENDIENTE_REVISION_MANUAL,1,1/0,1.0,6
Bajadas Blanco y Negro,blanco_y_negro,A4,pesado,PENDIENTE_REVISION_MANUAL,PENDIENTE_REVISION_MANUAL,1,1/1,1.0,6
Bajadas Blanco y Negro,blanco_y_negro,A4,pesado,Triplex 350g,350g,2 a 50,1/0,317.0,6
Bajadas Blanco y Negro,blanco_y_negro,A4,pesado,Triplex 350g,350g,2 a 50,1/1,399.0,6
Bajadas Blanco y Negro,blanco_y_negro,A4,pesado,Triplex 300g,300g,2 a 50,1/0,317.0,6
Bajadas Blanco y Negro,blanco_y_negro,A4,pesado,Triplex 300g,300g,2 a 50,1/1,399.0,6
Bajadas Blanco y Negro,blanco_y_negro,A4,pesado,Triplex 200g,200g,2 a 50,1/0,291.0,6
Bajadas Blanco y Negro,blanco_y_negro,A4,pesado,Triplex 200g,200g,2 a 50,1/1,373.0,6
Bajadas Blanco y Negro,blanco_y_negro,A4,pesado,PENDIENTE_REVISION_MANUAL,PENDIENTE_REVISION_MANUAL,2 a 50,1/0,250.0,6
Bajadas Blanco y Negro,blanco_y_negro,A4,pesado,PENDIENTE_REVISION_MANUAL,PENDIENTE_REVISION_MANUAL,2 a 50,1/1,332.0,6
Bajadas Blanco y Negro,blanco_y_negro,A4,pesado,Triplex 350g,350g,51 a 100,1/0,299.0,6
Bajadas Blanco y Negro,blanco_y_negro,A4,pesado,Triplex 350g,350g,51 a 100,1/1,377.0,6
Bajadas Blanco y Negro,blanco_y_negro,A4,pesado,Triplex 300g,300g,51 a 100,1/0,299.0,6
Bajadas Blanco y Negro,blanco_y_negro,A4,pesado,Triplex 300g,300g,51 a 100,1/1,377.0,6
Bajadas Blanco y Negro,blanco_y_negro,A4,pesado,Triplex 200g,200g,51 a 100,1/0,275.0,6
Bajadas Blanco y Negro,blanco_y_negro,A4,pesado,Triplex 200g,200g,51 a 100,1/1,352.0,6
Bajadas Blanco y Negro,blanco_y_negro,A4,pesado,PENDIENTE_REVISION_MANUAL,PENDIENTE_REVISION_MANUAL,51 a 100,1/0,236.0,6
Bajadas Blanco y Negro,blanco_y_negro,A4,pesado,PENDIENTE_REVISION_MANUAL,PENDIENTE_REVISION_MANUAL,51 a 100,1/1,314.0,6
Bajadas Blanco y Negro,blanco_y_negro,A4,pesado,Triplex 350g,350g,101 a 500,1/0,282.0,6
Bajadas Blanco y Negro,blanco_y_negro,A4,pesado,Triplex 350g,350g,101 a 500,1/1,355.0,6
Bajadas Blanco y Negro,blanco_y_negro,A4,pesado,Triplex 300g,300g,101 a 500,1/0,281.0,6
Bajadas Blanco y Negro,blanco_y_negro,A4,pesado,Triplex 300g,300g,101 a 500,1/1,354.0,6
Bajadas Blanco y Negro,blanco_y_negro,A4,pesado,Triplex 200g,200g,101 a 500,1/0,259.0,6
Bajadas Blanco y Negro,blanco_y_negro,A4,pesado,Triplex 200g,200g,101 a 500,1/1,332.0,6
Bajadas Blanco y Negro,blanco_y_negro,A4,pesado,PENDIENTE_REVISION_MANUAL,PENDIENTE_REVISION_MANUAL,101 a 500,1/0,222.0,6
Bajadas Blanco y Negro,blanco_y_negro,A4,pesado,PENDIENTE_REVISION_MANUAL,PENDIENTE_REVISION_MANUAL,101 a 500,1/1,295.0,6
Bajadas Blanco y Negro,blanco_y_negro,A4,pesado,Triplex 350g,350g,501 a 1000,1/0,264.0,6
Bajadas Blanco y Negro,blanco_y_negro,A4,pesado,Triplex 350g,350g,501 a 1000,1/1,333.0,6
Bajadas Blanco y Negro,blanco_y_negro,A4,pesado,Triplex 300g,300g,501 a 1000,1/0,264.0,6
Bajadas Blanco y Negro,blanco_y_negro,A4,pesado,Triplex 300g,300g,501 a 1000,1/1,332.0,6
Bajadas Blanco y Negro,blanco_y_negro,A4,pesado,Triplex 200g,200g,501 a 1000,1/0,242.0,6
Bajadas Blanco y Negro,blanco_y_negro,A4,pesado,Triplex 200g,200g,501 a 1000,1/1,311.0,6
Bajadas Blanco y Negro,blanco_y_negro,A4,pesado,PENDIENTE_REVISION_MANUAL,PENDIENTE_REVISION_MANUAL,501 a 1000,1/0,208.0,6
Bajadas Blanco y Negro,blanco_y_negro,A4,pesado,PENDIENTE_REVISION_MANUAL,PENDIENTE_REVISION_MANUAL,501 a 1000,1/1,277.0,6
Bajadas Blanco y Negro,blanco_y_negro,A4,pesado,Triplex 350g,350g,1001 a 5000,1/0,246.0,6
Bajadas Blanco y Negro,blanco_y_negro,A4,pesado,Triplex 350g,350g,1001 a 5000,1/1,310.0,6
Bajadas Blanco y Negro,blanco_y_negro,A4,pesado,Triplex 300g,300g,1001 a 5000,1/0,246.0,6
Bajadas Blanco y Negro,blanco_y_negro,A4,pesado,Triplex 300g,300g,1001 a 5000,1/1,310.0,6
Bajadas Blanco y Negro,blanco_y_negro,A4,pesado,Triplex 200g,200g,1001 a 5000,1/0,226.0,6
Bajadas Blanco y Negro,blanco_y_negro,A4,pesado,Triplex 200g,200g,1001 a 5000,1/1,290.0,6
Bajadas Blanco y Negro,blanco_y_negro,A4,pesado,PENDIENTE_REVISION_MANUAL,PENDIENTE_REVISION_MANUAL,1001 a 5000,1/0,194.0,6
Bajadas Blanco y Negro,blanco_y_negro,A4,pesado,PENDIENTE_REVISION_MANUAL,PENDIENTE_REVISION_MANUAL,1001 a 5000,1/1,258.0,6
